"ActivityDT","ActivityCount","SourceHost","SourceDatabase","SourceTable"
"01/01/2015",12439,"oxnetdwp01.oxnet.nhs.uk","EpiCentre_EXTRACT","tblSpecimenLog"
"01/02/2015",10588,"oxnetdwp01.oxnet.nhs.uk","EpiCentre_EXTRACT","tblSpecimenLog"
"01/03/2015",12712,"oxnetdwp01.oxnet.nhs.uk","EpiCentre_EXTRACT","tblSpecimenLog"
"01/04/2015",20831,"oxnetdwp01.oxnet.nhs.uk","EpiCentre_EXTRACT","tblSpecimenLog"
"01/05/2015",21728,"oxnetdwp01.oxnet.nhs.uk","EpiCentre_EXTRACT","tblSpecimenLog"
"01/06/2014",7164,"oxnetdwp01.oxnet.nhs.uk","EpiCentre_EXTRACT","tblSpecimenLog"
"01/06/2015",9819,"oxnetdwp01.oxnet.nhs.uk","EpiCentre_EXTRACT","tblSpecimenLog"
"01/07/2014",13438,"oxnetdwp01.oxnet.nhs.uk","EpiCentre_EXTRACT","tblSpecimenLog"
"01/07/2015",20526,"oxnetdwp01.oxnet.nhs.uk","EpiCentre_EXTRACT","tblSpecimenLog"
"01/08/2014",16885,"oxnetdwp01.oxnet.nhs.uk","EpiCentre_EXTRACT","tblSpecimenLog"
"01/08/2015",15430,"oxnetdwp01.oxnet.nhs.uk","EpiCentre_EXTRACT","tblSpecimenLog"
"01/09/2014",15658,"oxnetdwp01.oxnet.nhs.uk","EpiCentre_EXTRACT","tblSpecimenLog"
"01/09/2015",10612,"oxnetdwp01.oxnet.nhs.uk","EpiCentre_EXTRACT","tblSpecimenLog"
"01/10/2014",17632,"oxnetdwp01.oxnet.nhs.uk","EpiCentre_EXTRACT","tblSpecimenLog"
"01/11/2014",13303,"oxnetdwp01.oxnet.nhs.uk","EpiCentre_EXTRACT","tblSpecimenLog"
"01/12/2014",12289,"oxnetdwp01.oxnet.nhs.uk","EpiCentre_EXTRACT","tblSpecimenLog"
"02/01/2015",12630,"oxnetdwp01.oxnet.nhs.uk","EpiCentre_EXTRACT","tblSpecimenLog"
"02/02/2015",14324,"oxnetdwp01.oxnet.nhs.uk","EpiCentre_EXTRACT","tblSpecimenLog"
"02/03/2015",10825,"oxnetdwp01.oxnet.nhs.uk","EpiCentre_EXTRACT","tblSpecimenLog"
"02/04/2015",23086,"oxnetdwp01.oxnet.nhs.uk","EpiCentre_EXTRACT","tblSpecimenLog"
"02/05/2015",20737,"oxnetdwp01.oxnet.nhs.uk","EpiCentre_EXTRACT","tblSpecimenLog"
"02/06/2014",11872,"oxnetdwp01.oxnet.nhs.uk","EpiCentre_EXTRACT","tblSpecimenLog"
"02/06/2015",14381,"oxnetdwp01.oxnet.nhs.uk","EpiCentre_EXTRACT","tblSpecimenLog"
"02/07/2014",17091,"oxnetdwp01.oxnet.nhs.uk","EpiCentre_EXTRACT","tblSpecimenLog"
"02/07/2015",19264,"oxnetdwp01.oxnet.nhs.uk","EpiCentre_EXTRACT","tblSpecimenLog"
"02/08/2014",18899,"oxnetdwp01.oxnet.nhs.uk","EpiCentre_EXTRACT","tblSpecimenLog"
"02/08/2015",8298,"oxnetdwp01.oxnet.nhs.uk","EpiCentre_EXTRACT","tblSpecimenLog"
"02/09/2014",12333,"oxnetdwp01.oxnet.nhs.uk","EpiCentre_EXTRACT","tblSpecimenLog"
"02/09/2015",15135,"oxnetdwp01.oxnet.nhs.uk","EpiCentre_EXTRACT","tblSpecimenLog"
"02/10/2014",26294,"oxnetdwp01.oxnet.nhs.uk","EpiCentre_EXTRACT","tblSpecimenLog"
"02/11/2014",11000,"oxnetdwp01.oxnet.nhs.uk","EpiCentre_EXTRACT","tblSpecimenLog"
"02/12/2014",14720,"oxnetdwp01.oxnet.nhs.uk","EpiCentre_EXTRACT","tblSpecimenLog"
"03/01/2015",13437,"oxnetdwp01.oxnet.nhs.uk","EpiCentre_EXTRACT","tblSpecimenLog"
"03/02/2015",16184,"oxnetdwp01.oxnet.nhs.uk","EpiCentre_EXTRACT","tblSpecimenLog"
"03/03/2015",13901,"oxnetdwp01.oxnet.nhs.uk","EpiCentre_EXTRACT","tblSpecimenLog"
"03/04/2015",13184,"oxnetdwp01.oxnet.nhs.uk","EpiCentre_EXTRACT","tblSpecimenLog"
"03/05/2015",13925,"oxnetdwp01.oxnet.nhs.uk","EpiCentre_EXTRACT","tblSpecimenLog"
"03/06/2014",13331,"oxnetdwp01.oxnet.nhs.uk","EpiCentre_EXTRACT","tblSpecimenLog"
"03/06/2015",22392,"oxnetdwp01.oxnet.nhs.uk","EpiCentre_EXTRACT","tblSpecimenLog"
"03/07/2014",17887,"oxnetdwp01.oxnet.nhs.uk","EpiCentre_EXTRACT","tblSpecimenLog"
"03/07/2015",19341,"oxnetdwp01.oxnet.nhs.uk","EpiCentre_EXTRACT","tblSpecimenLog"
"03/08/2014",12459,"oxnetdwp01.oxnet.nhs.uk","EpiCentre_EXTRACT","tblSpecimenLog"
"03/08/2015",12536,"oxnetdwp01.oxnet.nhs.uk","EpiCentre_EXTRACT","tblSpecimenLog"
"03/09/2014",19891,"oxnetdwp01.oxnet.nhs.uk","EpiCentre_EXTRACT","tblSpecimenLog"
"03/09/2015",19173,"oxnetdwp01.oxnet.nhs.uk","EpiCentre_EXTRACT","tblSpecimenLog"
"03/10/2014",21948,"oxnetdwp01.oxnet.nhs.uk","EpiCentre_EXTRACT","tblSpecimenLog"
"03/11/2014",11881,"oxnetdwp01.oxnet.nhs.uk","EpiCentre_EXTRACT","tblSpecimenLog"
"03/12/2014",19811,"oxnetdwp01.oxnet.nhs.uk","EpiCentre_EXTRACT","tblSpecimenLog"
"04/01/2015",6493,"oxnetdwp01.oxnet.nhs.uk","EpiCentre_EXTRACT","tblSpecimenLog"
"04/02/2015",23482,"oxnetdwp01.oxnet.nhs.uk","EpiCentre_EXTRACT","tblSpecimenLog"
"04/03/2015",26271,"oxnetdwp01.oxnet.nhs.uk","EpiCentre_EXTRACT","tblSpecimenLog"
"04/04/2015",15727,"oxnetdwp01.oxnet.nhs.uk","EpiCentre_EXTRACT","tblSpecimenLog"
"04/05/2015",11472,"oxnetdwp01.oxnet.nhs.uk","EpiCentre_EXTRACT","tblSpecimenLog"
"04/06/2014",18284,"oxnetdwp01.oxnet.nhs.uk","EpiCentre_EXTRACT","tblSpecimenLog"
"04/06/2015",27048,"oxnetdwp01.oxnet.nhs.uk","EpiCentre_EXTRACT","tblSpecimenLog"
"04/07/2014",14782,"oxnetdwp01.oxnet.nhs.uk","EpiCentre_EXTRACT","tblSpecimenLog"
"04/07/2015",16811,"oxnetdwp01.oxnet.nhs.uk","EpiCentre_EXTRACT","tblSpecimenLog"
"04/08/2014",13636,"oxnetdwp01.oxnet.nhs.uk","EpiCentre_EXTRACT","tblSpecimenLog"
"04/08/2015",15352,"oxnetdwp01.oxnet.nhs.uk","EpiCentre_EXTRACT","tblSpecimenLog"
"04/09/2014",19758,"oxnetdwp01.oxnet.nhs.uk","EpiCentre_EXTRACT","tblSpecimenLog"
"04/09/2015",22068,"oxnetdwp01.oxnet.nhs.uk","EpiCentre_EXTRACT","tblSpecimenLog"
"04/10/2014",19542,"oxnetdwp01.oxnet.nhs.uk","EpiCentre_EXTRACT","tblSpecimenLog"
"04/11/2014",15250,"oxnetdwp01.oxnet.nhs.uk","EpiCentre_EXTRACT","tblSpecimenLog"
"04/12/2014",26449,"oxnetdwp01.oxnet.nhs.uk","EpiCentre_EXTRACT","tblSpecimenLog"
"05/01/2015",9273,"oxnetdwp01.oxnet.nhs.uk","EpiCentre_EXTRACT","tblSpecimenLog"
"05/02/2015",21131,"oxnetdwp01.oxnet.nhs.uk","EpiCentre_EXTRACT","tblSpecimenLog"
"05/03/2015",29562,"oxnetdwp01.oxnet.nhs.uk","EpiCentre_EXTRACT","tblSpecimenLog"
"05/04/2015",12760,"oxnetdwp01.oxnet.nhs.uk","EpiCentre_EXTRACT","tblSpecimenLog"
"05/05/2015",7126,"oxnetdwp01.oxnet.nhs.uk","EpiCentre_EXTRACT","tblSpecimenLog"
"05/06/2014",19598,"oxnetdwp01.oxnet.nhs.uk","EpiCentre_EXTRACT","tblSpecimenLog"
"05/06/2015",24198,"oxnetdwp01.oxnet.nhs.uk","EpiCentre_EXTRACT","tblSpecimenLog"
"05/07/2014",13446,"oxnetdwp01.oxnet.nhs.uk","EpiCentre_EXTRACT","tblSpecimenLog"
"05/07/2015",12906,"oxnetdwp01.oxnet.nhs.uk","EpiCentre_EXTRACT","tblSpecimenLog"
"05/08/2014",12989,"oxnetdwp01.oxnet.nhs.uk","EpiCentre_EXTRACT","tblSpecimenLog"
"05/08/2015",18552,"oxnetdwp01.oxnet.nhs.uk","EpiCentre_EXTRACT","tblSpecimenLog"
"05/09/2014",13390,"oxnetdwp01.oxnet.nhs.uk","EpiCentre_EXTRACT","tblSpecimenLog"
"05/09/2015",14789,"oxnetdwp01.oxnet.nhs.uk","EpiCentre_EXTRACT","tblSpecimenLog"
"05/10/2014",9607,"oxnetdwp01.oxnet.nhs.uk","EpiCentre_EXTRACT","tblSpecimenLog"
"05/11/2014",19143,"oxnetdwp01.oxnet.nhs.uk","EpiCentre_EXTRACT","tblSpecimenLog"
"05/12/2014",22817,"oxnetdwp01.oxnet.nhs.uk","EpiCentre_EXTRACT","tblSpecimenLog"
"06/01/2015",14818,"oxnetdwp01.oxnet.nhs.uk","EpiCentre_EXTRACT","tblSpecimenLog"
"06/02/2015",23880,"oxnetdwp01.oxnet.nhs.uk","EpiCentre_EXTRACT","tblSpecimenLog"
"06/03/2015",25630,"oxnetdwp01.oxnet.nhs.uk","EpiCentre_EXTRACT","tblSpecimenLog"
"06/04/2015",9784,"oxnetdwp01.oxnet.nhs.uk","EpiCentre_EXTRACT","tblSpecimenLog"
"06/05/2015",13454,"oxnetdwp01.oxnet.nhs.uk","EpiCentre_EXTRACT","tblSpecimenLog"
"06/06/2014",20196,"oxnetdwp01.oxnet.nhs.uk","EpiCentre_EXTRACT","tblSpecimenLog"
"06/06/2015",22961,"oxnetdwp01.oxnet.nhs.uk","EpiCentre_EXTRACT","tblSpecimenLog"
"06/07/2014",6320,"oxnetdwp01.oxnet.nhs.uk","EpiCentre_EXTRACT","tblSpecimenLog"
"06/07/2015",11289,"oxnetdwp01.oxnet.nhs.uk","EpiCentre_EXTRACT","tblSpecimenLog"
"06/08/2014",19636,"oxnetdwp01.oxnet.nhs.uk","EpiCentre_EXTRACT","tblSpecimenLog"
"06/08/2015",20381,"oxnetdwp01.oxnet.nhs.uk","EpiCentre_EXTRACT","tblSpecimenLog"
"06/09/2014",11931,"oxnetdwp01.oxnet.nhs.uk","EpiCentre_EXTRACT","tblSpecimenLog"
"06/09/2015",17712,"oxnetdwp01.oxnet.nhs.uk","EpiCentre_EXTRACT","tblSpecimenLog"
"06/10/2014",12191,"oxnetdwp01.oxnet.nhs.uk","EpiCentre_EXTRACT","tblSpecimenLog"
"06/11/2014",19190,"oxnetdwp01.oxnet.nhs.uk","EpiCentre_EXTRACT","tblSpecimenLog"
"06/12/2014",14200,"oxnetdwp01.oxnet.nhs.uk","EpiCentre_EXTRACT","tblSpecimenLog"
"07/01/2015",23169,"oxnetdwp01.oxnet.nhs.uk","EpiCentre_EXTRACT","tblSpecimenLog"
"07/02/2015",21134,"oxnetdwp01.oxnet.nhs.uk","EpiCentre_EXTRACT","tblSpecimenLog"
"07/03/2015",23371,"oxnetdwp01.oxnet.nhs.uk","EpiCentre_EXTRACT","tblSpecimenLog"
"07/04/2015",7333,"oxnetdwp01.oxnet.nhs.uk","EpiCentre_EXTRACT","tblSpecimenLog"
"07/05/2015",19659,"oxnetdwp01.oxnet.nhs.uk","EpiCentre_EXTRACT","tblSpecimenLog"
"07/06/2014",14158,"oxnetdwp01.oxnet.nhs.uk","EpiCentre_EXTRACT","tblSpecimenLog"
"07/06/2015",11425,"oxnetdwp01.oxnet.nhs.uk","EpiCentre_EXTRACT","tblSpecimenLog"
"07/07/2014",7823,"oxnetdwp01.oxnet.nhs.uk","EpiCentre_EXTRACT","tblSpecimenLog"
"07/07/2015",15791,"oxnetdwp01.oxnet.nhs.uk","EpiCentre_EXTRACT","tblSpecimenLog"
"07/08/2014",21295,"oxnetdwp01.oxnet.nhs.uk","EpiCentre_EXTRACT","tblSpecimenLog"
"07/08/2015",19724,"oxnetdwp01.oxnet.nhs.uk","EpiCentre_EXTRACT","tblSpecimenLog"
"07/09/2014",7084,"oxnetdwp01.oxnet.nhs.uk","EpiCentre_EXTRACT","tblSpecimenLog"
"07/09/2015",11838,"oxnetdwp01.oxnet.nhs.uk","EpiCentre_EXTRACT","tblSpecimenLog"
"07/10/2014",15341,"oxnetdwp01.oxnet.nhs.uk","EpiCentre_EXTRACT","tblSpecimenLog"
"07/11/2014",18469,"oxnetdwp01.oxnet.nhs.uk","EpiCentre_EXTRACT","tblSpecimenLog"
"07/12/2014",11594,"oxnetdwp01.oxnet.nhs.uk","EpiCentre_EXTRACT","tblSpecimenLog"
"08/01/2015",22579,"oxnetdwp01.oxnet.nhs.uk","EpiCentre_EXTRACT","tblSpecimenLog"
"08/02/2015",10913,"oxnetdwp01.oxnet.nhs.uk","EpiCentre_EXTRACT","tblSpecimenLog"
"08/03/2015",14577,"oxnetdwp01.oxnet.nhs.uk","EpiCentre_EXTRACT","tblSpecimenLog"
"08/04/2015",12095,"oxnetdwp01.oxnet.nhs.uk","EpiCentre_EXTRACT","tblSpecimenLog"
"08/05/2015",19914,"oxnetdwp01.oxnet.nhs.uk","EpiCentre_EXTRACT","tblSpecimenLog"
"08/06/2014",6426,"oxnetdwp01.oxnet.nhs.uk","EpiCentre_EXTRACT","tblSpecimenLog"
"08/06/2015",15943,"oxnetdwp01.oxnet.nhs.uk","EpiCentre_EXTRACT","tblSpecimenLog"
"08/07/2014",10988,"oxnetdwp01.oxnet.nhs.uk","EpiCentre_EXTRACT","tblSpecimenLog"
"08/07/2015",25115,"oxnetdwp01.oxnet.nhs.uk","EpiCentre_EXTRACT","tblSpecimenLog"
"08/08/2014",17284,"oxnetdwp01.oxnet.nhs.uk","EpiCentre_EXTRACT","tblSpecimenLog"
"08/08/2015",15807,"oxnetdwp01.oxnet.nhs.uk","EpiCentre_EXTRACT","tblSpecimenLog"
"08/09/2014",9307,"oxnetdwp01.oxnet.nhs.uk","EpiCentre_EXTRACT","tblSpecimenLog"
"08/09/2015",19188,"oxnetdwp01.oxnet.nhs.uk","EpiCentre_EXTRACT","tblSpecimenLog"
"08/10/2014",18613,"oxnetdwp01.oxnet.nhs.uk","EpiCentre_EXTRACT","tblSpecimenLog"
"08/11/2014",17822,"oxnetdwp01.oxnet.nhs.uk","EpiCentre_EXTRACT","tblSpecimenLog"
"08/12/2014",8029,"oxnetdwp01.oxnet.nhs.uk","EpiCentre_EXTRACT","tblSpecimenLog"
"09/01/2015",22488,"oxnetdwp01.oxnet.nhs.uk","EpiCentre_EXTRACT","tblSpecimenLog"
"09/02/2015",11341,"oxnetdwp01.oxnet.nhs.uk","EpiCentre_EXTRACT","tblSpecimenLog"
"09/03/2015",18619,"oxnetdwp01.oxnet.nhs.uk","EpiCentre_EXTRACT","tblSpecimenLog"
"09/04/2015",19522,"oxnetdwp01.oxnet.nhs.uk","EpiCentre_EXTRACT","tblSpecimenLog"
"09/05/2015",22835,"oxnetdwp01.oxnet.nhs.uk","EpiCentre_EXTRACT","tblSpecimenLog"
"09/06/2014",12371,"oxnetdwp01.oxnet.nhs.uk","EpiCentre_EXTRACT","tblSpecimenLog"
"09/06/2015",13052,"oxnetdwp01.oxnet.nhs.uk","EpiCentre_EXTRACT","tblSpecimenLog"
"09/07/2014",25090,"oxnetdwp01.oxnet.nhs.uk","EpiCentre_EXTRACT","tblSpecimenLog"
"09/07/2015",24096,"oxnetdwp01.oxnet.nhs.uk","EpiCentre_EXTRACT","tblSpecimenLog"
"09/08/2014",10850,"oxnetdwp01.oxnet.nhs.uk","EpiCentre_EXTRACT","tblSpecimenLog"
"09/08/2015",10029,"oxnetdwp01.oxnet.nhs.uk","EpiCentre_EXTRACT","tblSpecimenLog"
"09/09/2014",12271,"oxnetdwp01.oxnet.nhs.uk","EpiCentre_EXTRACT","tblSpecimenLog"
"09/09/2015",21509,"oxnetdwp01.oxnet.nhs.uk","EpiCentre_EXTRACT","tblSpecimenLog"
"09/10/2014",21170,"oxnetdwp01.oxnet.nhs.uk","EpiCentre_EXTRACT","tblSpecimenLog"
"09/11/2014",7943,"oxnetdwp01.oxnet.nhs.uk","EpiCentre_EXTRACT","tblSpecimenLog"
"09/12/2014",13835,"oxnetdwp01.oxnet.nhs.uk","EpiCentre_EXTRACT","tblSpecimenLog"
"10/01/2015",18160,"oxnetdwp01.oxnet.nhs.uk","EpiCentre_EXTRACT","tblSpecimenLog"
"10/02/2015",14907,"oxnetdwp01.oxnet.nhs.uk","EpiCentre_EXTRACT","tblSpecimenLog"
"10/03/2015",14031,"oxnetdwp01.oxnet.nhs.uk","EpiCentre_EXTRACT","tblSpecimenLog"
"10/04/2015",20701,"oxnetdwp01.oxnet.nhs.uk","EpiCentre_EXTRACT","tblSpecimenLog"
"10/05/2015",9379,"oxnetdwp01.oxnet.nhs.uk","EpiCentre_EXTRACT","tblSpecimenLog"
"10/06/2014",16775,"oxnetdwp01.oxnet.nhs.uk","EpiCentre_EXTRACT","tblSpecimenLog"
"10/06/2015",30303,"oxnetdwp01.oxnet.nhs.uk","EpiCentre_EXTRACT","tblSpecimenLog"
"10/07/2014",21140,"oxnetdwp01.oxnet.nhs.uk","EpiCentre_EXTRACT","tblSpecimenLog"
"10/07/2015",26977,"oxnetdwp01.oxnet.nhs.uk","EpiCentre_EXTRACT","tblSpecimenLog"
"10/08/2014",12780,"oxnetdwp01.oxnet.nhs.uk","EpiCentre_EXTRACT","tblSpecimenLog"
"10/08/2015",8968,"oxnetdwp01.oxnet.nhs.uk","EpiCentre_EXTRACT","tblSpecimenLog"
"10/09/2014",16809,"oxnetdwp01.oxnet.nhs.uk","EpiCentre_EXTRACT","tblSpecimenLog"
"10/09/2015",22490,"oxnetdwp01.oxnet.nhs.uk","EpiCentre_EXTRACT","tblSpecimenLog"
"10/10/2014",19589,"oxnetdwp01.oxnet.nhs.uk","EpiCentre_EXTRACT","tblSpecimenLog"
"10/11/2014",9832,"oxnetdwp01.oxnet.nhs.uk","EpiCentre_EXTRACT","tblSpecimenLog"
"10/12/2014",21787,"oxnetdwp01.oxnet.nhs.uk","EpiCentre_EXTRACT","tblSpecimenLog"
"11/01/2015",10993,"oxnetdwp01.oxnet.nhs.uk","EpiCentre_EXTRACT","tblSpecimenLog"
"11/02/2015",19127,"oxnetdwp01.oxnet.nhs.uk","EpiCentre_EXTRACT","tblSpecimenLog"
"11/03/2015",22458,"oxnetdwp01.oxnet.nhs.uk","EpiCentre_EXTRACT","tblSpecimenLog"
"11/04/2015",22054,"oxnetdwp01.oxnet.nhs.uk","EpiCentre_EXTRACT","tblSpecimenLog"
"11/05/2015",7908,"oxnetdwp01.oxnet.nhs.uk","EpiCentre_EXTRACT","tblSpecimenLog"
"11/06/2014",16783,"oxnetdwp01.oxnet.nhs.uk","EpiCentre_EXTRACT","tblSpecimenLog"
"11/06/2015",24691,"oxnetdwp01.oxnet.nhs.uk","EpiCentre_EXTRACT","tblSpecimenLog"
"11/07/2014",14497,"oxnetdwp01.oxnet.nhs.uk","EpiCentre_EXTRACT","tblSpecimenLog"
"11/07/2015",23231,"oxnetdwp01.oxnet.nhs.uk","EpiCentre_EXTRACT","tblSpecimenLog"
"11/08/2014",11890,"oxnetdwp01.oxnet.nhs.uk","EpiCentre_EXTRACT","tblSpecimenLog"
"11/08/2015",9900,"oxnetdwp01.oxnet.nhs.uk","EpiCentre_EXTRACT","tblSpecimenLog"
"11/09/2014",17191,"oxnetdwp01.oxnet.nhs.uk","EpiCentre_EXTRACT","tblSpecimenLog"
"11/09/2015",19263,"oxnetdwp01.oxnet.nhs.uk","EpiCentre_EXTRACT","tblSpecimenLog"
"11/10/2014",14632,"oxnetdwp01.oxnet.nhs.uk","EpiCentre_EXTRACT","tblSpecimenLog"
"11/11/2014",14241,"oxnetdwp01.oxnet.nhs.uk","EpiCentre_EXTRACT","tblSpecimenLog"
"11/12/2014",18718,"oxnetdwp01.oxnet.nhs.uk","EpiCentre_EXTRACT","tblSpecimenLog"
"12/01/2015",12500,"oxnetdwp01.oxnet.nhs.uk","EpiCentre_EXTRACT","tblSpecimenLog"
"12/02/2015",20589,"oxnetdwp01.oxnet.nhs.uk","EpiCentre_EXTRACT","tblSpecimenLog"
"12/03/2015",24163,"oxnetdwp01.oxnet.nhs.uk","EpiCentre_EXTRACT","tblSpecimenLog"
"12/04/2015",14686,"oxnetdwp01.oxnet.nhs.uk","EpiCentre_EXTRACT","tblSpecimenLog"
"12/05/2015",13635,"oxnetdwp01.oxnet.nhs.uk","EpiCentre_EXTRACT","tblSpecimenLog"
"12/06/2014",16779,"oxnetdwp01.oxnet.nhs.uk","EpiCentre_EXTRACT","tblSpecimenLog"
"12/06/2015",22102,"oxnetdwp01.oxnet.nhs.uk","EpiCentre_EXTRACT","tblSpecimenLog"
"12/07/2014",13941,"oxnetdwp01.oxnet.nhs.uk","EpiCentre_EXTRACT","tblSpecimenLog"
"12/07/2015",11744,"oxnetdwp01.oxnet.nhs.uk","EpiCentre_EXTRACT","tblSpecimenLog"
"12/08/2014",11528,"oxnetdwp01.oxnet.nhs.uk","EpiCentre_EXTRACT","tblSpecimenLog"
"12/08/2015",24939,"oxnetdwp01.oxnet.nhs.uk","EpiCentre_EXTRACT","tblSpecimenLog"
"12/09/2014",18516,"oxnetdwp01.oxnet.nhs.uk","EpiCentre_EXTRACT","tblSpecimenLog"
"12/09/2015",14344,"oxnetdwp01.oxnet.nhs.uk","EpiCentre_EXTRACT","tblSpecimenLog"
"12/10/2014",7669,"oxnetdwp01.oxnet.nhs.uk","EpiCentre_EXTRACT","tblSpecimenLog"
"12/11/2014",17083,"oxnetdwp01.oxnet.nhs.uk","EpiCentre_EXTRACT","tblSpecimenLog"
"12/12/2014",17448,"oxnetdwp01.oxnet.nhs.uk","EpiCentre_EXTRACT","tblSpecimenLog"
"13/01/2015",17563,"oxnetdwp01.oxnet.nhs.uk","EpiCentre_EXTRACT","tblSpecimenLog"
"13/02/2015",17764,"oxnetdwp01.oxnet.nhs.uk","EpiCentre_EXTRACT","tblSpecimenLog"
"13/03/2015",25829,"oxnetdwp01.oxnet.nhs.uk","EpiCentre_EXTRACT","tblSpecimenLog"
"13/04/2015",9304,"oxnetdwp01.oxnet.nhs.uk","EpiCentre_EXTRACT","tblSpecimenLog"
"13/05/2015",20520,"oxnetdwp01.oxnet.nhs.uk","EpiCentre_EXTRACT","tblSpecimenLog"
"13/06/2014",18749,"oxnetdwp01.oxnet.nhs.uk","EpiCentre_EXTRACT","tblSpecimenLog"
"13/06/2015",23869,"oxnetdwp01.oxnet.nhs.uk","EpiCentre_EXTRACT","tblSpecimenLog"
"13/07/2014",6534,"oxnetdwp01.oxnet.nhs.uk","EpiCentre_EXTRACT","tblSpecimenLog"
"13/07/2015",13067,"oxnetdwp01.oxnet.nhs.uk","EpiCentre_EXTRACT","tblSpecimenLog"
"13/08/2014",17400,"oxnetdwp01.oxnet.nhs.uk","EpiCentre_EXTRACT","tblSpecimenLog"
"13/08/2015",21481,"oxnetdwp01.oxnet.nhs.uk","EpiCentre_EXTRACT","tblSpecimenLog"
"13/09/2014",13861,"oxnetdwp01.oxnet.nhs.uk","EpiCentre_EXTRACT","tblSpecimenLog"
"13/09/2015",19328,"oxnetdwp01.oxnet.nhs.uk","EpiCentre_EXTRACT","tblSpecimenLog"
"13/10/2014",8998,"oxnetdwp01.oxnet.nhs.uk","EpiCentre_EXTRACT","tblSpecimenLog"
"13/11/2014",17005,"oxnetdwp01.oxnet.nhs.uk","EpiCentre_EXTRACT","tblSpecimenLog"
"13/12/2014",12837,"oxnetdwp01.oxnet.nhs.uk","EpiCentre_EXTRACT","tblSpecimenLog"
"14/01/2015",23742,"oxnetdwp01.oxnet.nhs.uk","EpiCentre_EXTRACT","tblSpecimenLog"
"14/02/2015",23267,"oxnetdwp01.oxnet.nhs.uk","EpiCentre_EXTRACT","tblSpecimenLog"
"14/03/2015",19621,"oxnetdwp01.oxnet.nhs.uk","EpiCentre_EXTRACT","tblSpecimenLog"
"14/04/2015",14553,"oxnetdwp01.oxnet.nhs.uk","EpiCentre_EXTRACT","tblSpecimenLog"
"14/05/2015",21848,"oxnetdwp01.oxnet.nhs.uk","EpiCentre_EXTRACT","tblSpecimenLog"
"14/06/2014",13725,"oxnetdwp01.oxnet.nhs.uk","EpiCentre_EXTRACT","tblSpecimenLog"
"14/06/2015",12048,"oxnetdwp01.oxnet.nhs.uk","EpiCentre_EXTRACT","tblSpecimenLog"
"14/07/2014",9084,"oxnetdwp01.oxnet.nhs.uk","EpiCentre_EXTRACT","tblSpecimenLog"
"14/07/2015",16961,"oxnetdwp01.oxnet.nhs.uk","EpiCentre_EXTRACT","tblSpecimenLog"
"14/08/2014",18478,"oxnetdwp01.oxnet.nhs.uk","EpiCentre_EXTRACT","tblSpecimenLog"
"14/08/2015",25033,"oxnetdwp01.oxnet.nhs.uk","EpiCentre_EXTRACT","tblSpecimenLog"
"14/09/2014",6367,"oxnetdwp01.oxnet.nhs.uk","EpiCentre_EXTRACT","tblSpecimenLog"
"14/09/2015",15994,"oxnetdwp01.oxnet.nhs.uk","EpiCentre_EXTRACT","tblSpecimenLog"
"14/10/2014",14384,"oxnetdwp01.oxnet.nhs.uk","EpiCentre_EXTRACT","tblSpecimenLog"
"14/11/2014",18356,"oxnetdwp01.oxnet.nhs.uk","EpiCentre_EXTRACT","tblSpecimenLog"
"14/12/2014",10012,"oxnetdwp01.oxnet.nhs.uk","EpiCentre_EXTRACT","tblSpecimenLog"
"15/01/2015",24716,"oxnetdwp01.oxnet.nhs.uk","EpiCentre_EXTRACT","tblSpecimenLog"
"15/02/2015",12582,"oxnetdwp01.oxnet.nhs.uk","EpiCentre_EXTRACT","tblSpecimenLog"
"15/03/2015",13514,"oxnetdwp01.oxnet.nhs.uk","EpiCentre_EXTRACT","tblSpecimenLog"
"15/04/2015",17271,"oxnetdwp01.oxnet.nhs.uk","EpiCentre_EXTRACT","tblSpecimenLog"
"15/05/2015",21436,"oxnetdwp01.oxnet.nhs.uk","EpiCentre_EXTRACT","tblSpecimenLog"
"15/06/2014",7876,"oxnetdwp01.oxnet.nhs.uk","EpiCentre_EXTRACT","tblSpecimenLog"
"15/06/2015",14429,"oxnetdwp01.oxnet.nhs.uk","EpiCentre_EXTRACT","tblSpecimenLog"
"15/07/2014",12516,"oxnetdwp01.oxnet.nhs.uk","EpiCentre_EXTRACT","tblSpecimenLog"
"15/07/2015",24566,"oxnetdwp01.oxnet.nhs.uk","EpiCentre_EXTRACT","tblSpecimenLog"
"15/08/2014",14981,"oxnetdwp01.oxnet.nhs.uk","EpiCentre_EXTRACT","tblSpecimenLog"
"15/08/2015",22802,"oxnetdwp01.oxnet.nhs.uk","EpiCentre_EXTRACT","tblSpecimenLog"
"15/09/2014",10281,"oxnetdwp01.oxnet.nhs.uk","EpiCentre_EXTRACT","tblSpecimenLog"
"15/09/2015",15024,"oxnetdwp01.oxnet.nhs.uk","EpiCentre_EXTRACT","tblSpecimenLog"
"15/10/2014",17693,"oxnetdwp01.oxnet.nhs.uk","EpiCentre_EXTRACT","tblSpecimenLog"
"15/11/2014",14262,"oxnetdwp01.oxnet.nhs.uk","EpiCentre_EXTRACT","tblSpecimenLog"
"15/12/2014",11173,"oxnetdwp01.oxnet.nhs.uk","EpiCentre_EXTRACT","tblSpecimenLog"
"16/01/2015",19403,"oxnetdwp01.oxnet.nhs.uk","EpiCentre_EXTRACT","tblSpecimenLog"
"16/02/2015",9960,"oxnetdwp01.oxnet.nhs.uk","EpiCentre_EXTRACT","tblSpecimenLog"
"16/03/2015",12434,"oxnetdwp01.oxnet.nhs.uk","EpiCentre_EXTRACT","tblSpecimenLog"
"16/04/2015",27179,"oxnetdwp01.oxnet.nhs.uk","EpiCentre_EXTRACT","tblSpecimenLog"
"16/05/2014",16316,"oxnetdwp01.oxnet.nhs.uk","EpiCentre_EXTRACT","tblSpecimenLog"
"16/05/2015",16311,"oxnetdwp01.oxnet.nhs.uk","EpiCentre_EXTRACT","tblSpecimenLog"
"16/06/2014",9077,"oxnetdwp01.oxnet.nhs.uk","EpiCentre_EXTRACT","tblSpecimenLog"
"16/06/2015",20249,"oxnetdwp01.oxnet.nhs.uk","EpiCentre_EXTRACT","tblSpecimenLog"
"16/07/2014",16482,"oxnetdwp01.oxnet.nhs.uk","EpiCentre_EXTRACT","tblSpecimenLog"
"16/07/2015",23862,"oxnetdwp01.oxnet.nhs.uk","EpiCentre_EXTRACT","tblSpecimenLog"
"16/08/2014",16898,"oxnetdwp01.oxnet.nhs.uk","EpiCentre_EXTRACT","tblSpecimenLog"
"16/08/2015",14603,"oxnetdwp01.oxnet.nhs.uk","EpiCentre_EXTRACT","tblSpecimenLog"
"16/09/2014",14063,"oxnetdwp01.oxnet.nhs.uk","EpiCentre_EXTRACT","tblSpecimenLog"
"16/09/2015",19918,"oxnetdwp01.oxnet.nhs.uk","EpiCentre_EXTRACT","tblSpecimenLog"
"16/10/2014",15130,"oxnetdwp01.oxnet.nhs.uk","EpiCentre_EXTRACT","tblSpecimenLog"
"16/11/2014",11694,"oxnetdwp01.oxnet.nhs.uk","EpiCentre_EXTRACT","tblSpecimenLog"
"16/12/2014",14552,"oxnetdwp01.oxnet.nhs.uk","EpiCentre_EXTRACT","tblSpecimenLog"
"17/01/2015",16654,"oxnetdwp01.oxnet.nhs.uk","EpiCentre_EXTRACT","tblSpecimenLog"
"17/02/2015",12301,"oxnetdwp01.oxnet.nhs.uk","EpiCentre_EXTRACT","tblSpecimenLog"
"17/03/2015",12656,"oxnetdwp01.oxnet.nhs.uk","EpiCentre_EXTRACT","tblSpecimenLog"
"17/04/2015",23177,"oxnetdwp01.oxnet.nhs.uk","EpiCentre_EXTRACT","tblSpecimenLog"
"17/05/2014",12530,"oxnetdwp01.oxnet.nhs.uk","EpiCentre_EXTRACT","tblSpecimenLog"
"17/05/2015",12973,"oxnetdwp01.oxnet.nhs.uk","EpiCentre_EXTRACT","tblSpecimenLog"
"17/06/2014",6629,"oxnetdwp01.oxnet.nhs.uk","EpiCentre_EXTRACT","tblSpecimenLog"
"17/06/2015",21479,"oxnetdwp01.oxnet.nhs.uk","EpiCentre_EXTRACT","tblSpecimenLog"
"17/07/2014",17695,"oxnetdwp01.oxnet.nhs.uk","EpiCentre_EXTRACT","tblSpecimenLog"
"17/07/2015",24334,"oxnetdwp01.oxnet.nhs.uk","EpiCentre_EXTRACT","tblSpecimenLog"
"17/08/2014",7698,"oxnetdwp01.oxnet.nhs.uk","EpiCentre_EXTRACT","tblSpecimenLog"
"17/08/2015",11121,"oxnetdwp01.oxnet.nhs.uk","EpiCentre_EXTRACT","tblSpecimenLog"
"17/09/2014",22259,"oxnetdwp01.oxnet.nhs.uk","EpiCentre_EXTRACT","tblSpecimenLog"
"17/09/2015",26304,"oxnetdwp01.oxnet.nhs.uk","EpiCentre_EXTRACT","tblSpecimenLog"
"17/10/2014",18020,"oxnetdwp01.oxnet.nhs.uk","EpiCentre_EXTRACT","tblSpecimenLog"
"17/11/2014",13163,"oxnetdwp01.oxnet.nhs.uk","EpiCentre_EXTRACT","tblSpecimenLog"
"17/12/2014",17214,"oxnetdwp01.oxnet.nhs.uk","EpiCentre_EXTRACT","tblSpecimenLog"
"18/01/2015",14502,"oxnetdwp01.oxnet.nhs.uk","EpiCentre_EXTRACT","tblSpecimenLog"
"18/02/2015",31099,"oxnetdwp01.oxnet.nhs.uk","EpiCentre_EXTRACT","tblSpecimenLog"
"18/03/2015",21437,"oxnetdwp01.oxnet.nhs.uk","EpiCentre_EXTRACT","tblSpecimenLog"
"18/04/2015",22303,"oxnetdwp01.oxnet.nhs.uk","EpiCentre_EXTRACT","tblSpecimenLog"
"18/05/2014",6417,"oxnetdwp01.oxnet.nhs.uk","EpiCentre_EXTRACT","tblSpecimenLog"
"18/05/2015",10922,"oxnetdwp01.oxnet.nhs.uk","EpiCentre_EXTRACT","tblSpecimenLog"
"18/06/2014",23802,"oxnetdwp01.oxnet.nhs.uk","EpiCentre_EXTRACT","tblSpecimenLog"
"18/06/2015",21477,"oxnetdwp01.oxnet.nhs.uk","EpiCentre_EXTRACT","tblSpecimenLog"
"18/07/2014",18468,"oxnetdwp01.oxnet.nhs.uk","EpiCentre_EXTRACT","tblSpecimenLog"
"18/07/2015",21258,"oxnetdwp01.oxnet.nhs.uk","EpiCentre_EXTRACT","tblSpecimenLog"
"18/08/2014",9038,"oxnetdwp01.oxnet.nhs.uk","EpiCentre_EXTRACT","tblSpecimenLog"
"18/08/2015",15785,"oxnetdwp01.oxnet.nhs.uk","EpiCentre_EXTRACT","tblSpecimenLog"
"18/09/2014",18122,"oxnetdwp01.oxnet.nhs.uk","EpiCentre_EXTRACT","tblSpecimenLog"
"18/09/2015",21702,"oxnetdwp01.oxnet.nhs.uk","EpiCentre_EXTRACT","tblSpecimenLog"
"18/10/2014",14729,"oxnetdwp01.oxnet.nhs.uk","EpiCentre_EXTRACT","tblSpecimenLog"
"18/11/2014",13755,"oxnetdwp01.oxnet.nhs.uk","EpiCentre_EXTRACT","tblSpecimenLog"
"18/12/2014",18781,"oxnetdwp01.oxnet.nhs.uk","EpiCentre_EXTRACT","tblSpecimenLog"
"19/01/2015",14560,"oxnetdwp01.oxnet.nhs.uk","EpiCentre_EXTRACT","tblSpecimenLog"
"19/02/2015",22687,"oxnetdwp01.oxnet.nhs.uk","EpiCentre_EXTRACT","tblSpecimenLog"
"19/03/2015",14901,"oxnetdwp01.oxnet.nhs.uk","EpiCentre_EXTRACT","tblSpecimenLog"
"19/04/2015",14170,"oxnetdwp01.oxnet.nhs.uk","EpiCentre_EXTRACT","tblSpecimenLog"
"19/05/2014",9051,"oxnetdwp01.oxnet.nhs.uk","EpiCentre_EXTRACT","tblSpecimenLog"
"19/05/2015",14976,"oxnetdwp01.oxnet.nhs.uk","EpiCentre_EXTRACT","tblSpecimenLog"
"19/06/2014",17487,"oxnetdwp01.oxnet.nhs.uk","EpiCentre_EXTRACT","tblSpecimenLog"
"19/06/2015",22962,"oxnetdwp01.oxnet.nhs.uk","EpiCentre_EXTRACT","tblSpecimenLog"
"19/07/2014",19016,"oxnetdwp01.oxnet.nhs.uk","EpiCentre_EXTRACT","tblSpecimenLog"
"19/07/2015",13216,"oxnetdwp01.oxnet.nhs.uk","EpiCentre_EXTRACT","tblSpecimenLog"
"19/08/2014",12918,"oxnetdwp01.oxnet.nhs.uk","EpiCentre_EXTRACT","tblSpecimenLog"
"19/08/2015",21252,"oxnetdwp01.oxnet.nhs.uk","EpiCentre_EXTRACT","tblSpecimenLog"
"19/09/2014",17969,"oxnetdwp01.oxnet.nhs.uk","EpiCentre_EXTRACT","tblSpecimenLog"
"19/09/2015",16211,"oxnetdwp01.oxnet.nhs.uk","EpiCentre_EXTRACT","tblSpecimenLog"
"19/10/2014",12170,"oxnetdwp01.oxnet.nhs.uk","EpiCentre_EXTRACT","tblSpecimenLog"
"19/11/2014",21523,"oxnetdwp01.oxnet.nhs.uk","EpiCentre_EXTRACT","tblSpecimenLog"
"19/12/2014",21324,"oxnetdwp01.oxnet.nhs.uk","EpiCentre_EXTRACT","tblSpecimenLog"
"20/01/2015",18105,"oxnetdwp01.oxnet.nhs.uk","EpiCentre_EXTRACT","tblSpecimenLog"
"20/02/2015",16153,"oxnetdwp01.oxnet.nhs.uk","EpiCentre_EXTRACT","tblSpecimenLog"
"20/03/2015",26213,"oxnetdwp01.oxnet.nhs.uk","EpiCentre_EXTRACT","tblSpecimenLog"
"20/04/2015",11088,"oxnetdwp01.oxnet.nhs.uk","EpiCentre_EXTRACT","tblSpecimenLog"
"20/05/2014",13700,"oxnetdwp01.oxnet.nhs.uk","EpiCentre_EXTRACT","tblSpecimenLog"
"20/05/2015",24610,"oxnetdwp01.oxnet.nhs.uk","EpiCentre_EXTRACT","tblSpecimenLog"
"20/06/2014",13686,"oxnetdwp01.oxnet.nhs.uk","EpiCentre_EXTRACT","tblSpecimenLog"
"20/06/2015",20515,"oxnetdwp01.oxnet.nhs.uk","EpiCentre_EXTRACT","tblSpecimenLog"
"20/07/2014",8823,"oxnetdwp01.oxnet.nhs.uk","EpiCentre_EXTRACT","tblSpecimenLog"
"20/07/2015",9577,"oxnetdwp01.oxnet.nhs.uk","EpiCentre_EXTRACT","tblSpecimenLog"
"20/08/2014",17744,"oxnetdwp01.oxnet.nhs.uk","EpiCentre_EXTRACT","tblSpecimenLog"
"20/08/2015",19799,"oxnetdwp01.oxnet.nhs.uk","EpiCentre_EXTRACT","tblSpecimenLog"
"20/09/2014",13161,"oxnetdwp01.oxnet.nhs.uk","EpiCentre_EXTRACT","tblSpecimenLog"
"20/09/2015",15154,"oxnetdwp01.oxnet.nhs.uk","EpiCentre_EXTRACT","tblSpecimenLog"
"20/10/2014",9726,"oxnetdwp01.oxnet.nhs.uk","EpiCentre_EXTRACT","tblSpecimenLog"
"20/11/2014",20243,"oxnetdwp01.oxnet.nhs.uk","EpiCentre_EXTRACT","tblSpecimenLog"
"20/12/2014",17475,"oxnetdwp01.oxnet.nhs.uk","EpiCentre_EXTRACT","tblSpecimenLog"
"21/01/2015",21446,"oxnetdwp01.oxnet.nhs.uk","EpiCentre_EXTRACT","tblSpecimenLog"
"21/02/2015",17815,"oxnetdwp01.oxnet.nhs.uk","EpiCentre_EXTRACT","tblSpecimenLog"
"21/03/2015",17683,"oxnetdwp01.oxnet.nhs.uk","EpiCentre_EXTRACT","tblSpecimenLog"
"21/04/2015",16921,"oxnetdwp01.oxnet.nhs.uk","EpiCentre_EXTRACT","tblSpecimenLog"
"21/05/2014",16605,"oxnetdwp01.oxnet.nhs.uk","EpiCentre_EXTRACT","tblSpecimenLog"
"21/05/2015",22659,"oxnetdwp01.oxnet.nhs.uk","EpiCentre_EXTRACT","tblSpecimenLog"
"21/06/2014",12993,"oxnetdwp01.oxnet.nhs.uk","EpiCentre_EXTRACT","tblSpecimenLog"
"21/06/2015",9995,"oxnetdwp01.oxnet.nhs.uk","EpiCentre_EXTRACT","tblSpecimenLog"
"21/07/2014",10577,"oxnetdwp01.oxnet.nhs.uk","EpiCentre_EXTRACT","tblSpecimenLog"
"21/07/2015",19476,"oxnetdwp01.oxnet.nhs.uk","EpiCentre_EXTRACT","tblSpecimenLog"
"21/08/2014",14859,"oxnetdwp01.oxnet.nhs.uk","EpiCentre_EXTRACT","tblSpecimenLog"
"21/08/2015",20883,"oxnetdwp01.oxnet.nhs.uk","EpiCentre_EXTRACT","tblSpecimenLog"
"21/09/2014",7482,"oxnetdwp01.oxnet.nhs.uk","EpiCentre_EXTRACT","tblSpecimenLog"
"21/09/2015",10472,"oxnetdwp01.oxnet.nhs.uk","EpiCentre_EXTRACT","tblSpecimenLog"
"21/10/2014",14368,"oxnetdwp01.oxnet.nhs.uk","EpiCentre_EXTRACT","tblSpecimenLog"
"21/11/2014",20566,"oxnetdwp01.oxnet.nhs.uk","EpiCentre_EXTRACT","tblSpecimenLog"
"21/12/2014",9548,"oxnetdwp01.oxnet.nhs.uk","EpiCentre_EXTRACT","tblSpecimenLog"
"22/01/2015",25829,"oxnetdwp01.oxnet.nhs.uk","EpiCentre_EXTRACT","tblSpecimenLog"
"22/02/2015",10997,"oxnetdwp01.oxnet.nhs.uk","EpiCentre_EXTRACT","tblSpecimenLog"
"22/03/2015",16113,"oxnetdwp01.oxnet.nhs.uk","EpiCentre_EXTRACT","tblSpecimenLog"
"22/04/2015",24495,"oxnetdwp01.oxnet.nhs.uk","EpiCentre_EXTRACT","tblSpecimenLog"
"22/05/2014",15107,"oxnetdwp01.oxnet.nhs.uk","EpiCentre_EXTRACT","tblSpecimenLog"
"22/05/2015",21383,"oxnetdwp01.oxnet.nhs.uk","EpiCentre_EXTRACT","tblSpecimenLog"
"22/06/2014",7337,"oxnetdwp01.oxnet.nhs.uk","EpiCentre_EXTRACT","tblSpecimenLog"
"22/06/2015",11807,"oxnetdwp01.oxnet.nhs.uk","EpiCentre_EXTRACT","tblSpecimenLog"
"22/07/2014",14420,"oxnetdwp01.oxnet.nhs.uk","EpiCentre_EXTRACT","tblSpecimenLog"
"22/07/2015",21414,"oxnetdwp01.oxnet.nhs.uk","EpiCentre_EXTRACT","tblSpecimenLog"
"22/08/2014",15281,"oxnetdwp01.oxnet.nhs.uk","EpiCentre_EXTRACT","tblSpecimenLog"
"22/08/2015",16783,"oxnetdwp01.oxnet.nhs.uk","EpiCentre_EXTRACT","tblSpecimenLog"
"22/09/2014",8881,"oxnetdwp01.oxnet.nhs.uk","EpiCentre_EXTRACT","tblSpecimenLog"
"22/09/2015",14405,"oxnetdwp01.oxnet.nhs.uk","EpiCentre_EXTRACT","tblSpecimenLog"
"22/10/2014",15045,"oxnetdwp01.oxnet.nhs.uk","EpiCentre_EXTRACT","tblSpecimenLog"
"22/11/2014",18089,"oxnetdwp01.oxnet.nhs.uk","EpiCentre_EXTRACT","tblSpecimenLog"
"22/12/2014",7920,"oxnetdwp01.oxnet.nhs.uk","EpiCentre_EXTRACT","tblSpecimenLog"
"23/01/2015",23954,"oxnetdwp01.oxnet.nhs.uk","EpiCentre_EXTRACT","tblSpecimenLog"
"23/02/2015",12621,"oxnetdwp01.oxnet.nhs.uk","EpiCentre_EXTRACT","tblSpecimenLog"
"23/03/2015",10482,"oxnetdwp01.oxnet.nhs.uk","EpiCentre_EXTRACT","tblSpecimenLog"
"23/04/2015",20097,"oxnetdwp01.oxnet.nhs.uk","EpiCentre_EXTRACT","tblSpecimenLog"
"23/05/2014",16222,"oxnetdwp01.oxnet.nhs.uk","EpiCentre_EXTRACT","tblSpecimenLog"
"23/05/2015",19779,"oxnetdwp01.oxnet.nhs.uk","EpiCentre_EXTRACT","tblSpecimenLog"
"23/06/2014",10047,"oxnetdwp01.oxnet.nhs.uk","EpiCentre_EXTRACT","tblSpecimenLog"
"23/06/2015",16519,"oxnetdwp01.oxnet.nhs.uk","EpiCentre_EXTRACT","tblSpecimenLog"
"23/07/2014",19963,"oxnetdwp01.oxnet.nhs.uk","EpiCentre_EXTRACT","tblSpecimenLog"
"23/07/2015",20538,"oxnetdwp01.oxnet.nhs.uk","EpiCentre_EXTRACT","tblSpecimenLog"
"23/08/2014",14453,"oxnetdwp01.oxnet.nhs.uk","EpiCentre_EXTRACT","tblSpecimenLog"
"23/08/2015",8377,"oxnetdwp01.oxnet.nhs.uk","EpiCentre_EXTRACT","tblSpecimenLog"
"23/09/2014",15987,"oxnetdwp01.oxnet.nhs.uk","EpiCentre_EXTRACT","tblSpecimenLog"
"23/09/2015",19792,"oxnetdwp01.oxnet.nhs.uk","EpiCentre_EXTRACT","tblSpecimenLog"
"23/10/2014",21907,"oxnetdwp01.oxnet.nhs.uk","EpiCentre_EXTRACT","tblSpecimenLog"
"23/11/2014",10107,"oxnetdwp01.oxnet.nhs.uk","EpiCentre_EXTRACT","tblSpecimenLog"
"23/12/2014",16341,"oxnetdwp01.oxnet.nhs.uk","EpiCentre_EXTRACT","tblSpecimenLog"
"24/01/2015",22166,"oxnetdwp01.oxnet.nhs.uk","EpiCentre_EXTRACT","tblSpecimenLog"
"24/02/2015",16209,"oxnetdwp01.oxnet.nhs.uk","EpiCentre_EXTRACT","tblSpecimenLog"
"24/03/2015",10299,"oxnetdwp01.oxnet.nhs.uk","EpiCentre_EXTRACT","tblSpecimenLog"
"24/04/2015",18281,"oxnetdwp01.oxnet.nhs.uk","EpiCentre_EXTRACT","tblSpecimenLog"
"24/05/2014",15617,"oxnetdwp01.oxnet.nhs.uk","EpiCentre_EXTRACT","tblSpecimenLog"
"24/05/2015",10160,"oxnetdwp01.oxnet.nhs.uk","EpiCentre_EXTRACT","tblSpecimenLog"
"24/06/2014",12509,"oxnetdwp01.oxnet.nhs.uk","EpiCentre_EXTRACT","tblSpecimenLog"
"24/06/2015",19127,"oxnetdwp01.oxnet.nhs.uk","EpiCentre_EXTRACT","tblSpecimenLog"
"24/07/2014",18259,"oxnetdwp01.oxnet.nhs.uk","EpiCentre_EXTRACT","tblSpecimenLog"
"24/07/2015",21637,"oxnetdwp01.oxnet.nhs.uk","EpiCentre_EXTRACT","tblSpecimenLog"
"24/08/2014",6998,"oxnetdwp01.oxnet.nhs.uk","EpiCentre_EXTRACT","tblSpecimenLog"
"24/08/2015",12119,"oxnetdwp01.oxnet.nhs.uk","EpiCentre_EXTRACT","tblSpecimenLog"
"24/09/2014",17063,"oxnetdwp01.oxnet.nhs.uk","EpiCentre_EXTRACT","tblSpecimenLog"
"24/09/2015",23089,"oxnetdwp01.oxnet.nhs.uk","EpiCentre_EXTRACT","tblSpecimenLog"
"24/10/2014",21545,"oxnetdwp01.oxnet.nhs.uk","EpiCentre_EXTRACT","tblSpecimenLog"
"24/11/2014",9866,"oxnetdwp01.oxnet.nhs.uk","EpiCentre_EXTRACT","tblSpecimenLog"
"24/12/2014",17910,"oxnetdwp01.oxnet.nhs.uk","EpiCentre_EXTRACT","tblSpecimenLog"
"25/01/2015",16551,"oxnetdwp01.oxnet.nhs.uk","EpiCentre_EXTRACT","tblSpecimenLog"
"25/02/2015",22025,"oxnetdwp01.oxnet.nhs.uk","EpiCentre_EXTRACT","tblSpecimenLog"
"25/03/2015",25839,"oxnetdwp01.oxnet.nhs.uk","EpiCentre_EXTRACT","tblSpecimenLog"
"25/04/2015",14712,"oxnetdwp01.oxnet.nhs.uk","EpiCentre_EXTRACT","tblSpecimenLog"
"25/05/2014",6010,"oxnetdwp01.oxnet.nhs.uk","EpiCentre_EXTRACT","tblSpecimenLog"
"25/05/2015",8754,"oxnetdwp01.oxnet.nhs.uk","EpiCentre_EXTRACT","tblSpecimenLog"
"25/06/2014",17091,"oxnetdwp01.oxnet.nhs.uk","EpiCentre_EXTRACT","tblSpecimenLog"
"25/06/2015",22492,"oxnetdwp01.oxnet.nhs.uk","EpiCentre_EXTRACT","tblSpecimenLog"
"25/07/2014",19104,"oxnetdwp01.oxnet.nhs.uk","EpiCentre_EXTRACT","tblSpecimenLog"
"25/07/2015",23458,"oxnetdwp01.oxnet.nhs.uk","EpiCentre_EXTRACT","tblSpecimenLog"
"25/08/2014",7589,"oxnetdwp01.oxnet.nhs.uk","EpiCentre_EXTRACT","tblSpecimenLog"
"25/08/2015",14848,"oxnetdwp01.oxnet.nhs.uk","EpiCentre_EXTRACT","tblSpecimenLog"
"25/09/2014",13736,"oxnetdwp01.oxnet.nhs.uk","EpiCentre_EXTRACT","tblSpecimenLog"
"25/09/2015",19211,"oxnetdwp01.oxnet.nhs.uk","EpiCentre_EXTRACT","tblSpecimenLog"
"25/10/2014",14751,"oxnetdwp01.oxnet.nhs.uk","EpiCentre_EXTRACT","tblSpecimenLog"
"25/11/2014",15745,"oxnetdwp01.oxnet.nhs.uk","EpiCentre_EXTRACT","tblSpecimenLog"
"25/12/2014",9140,"oxnetdwp01.oxnet.nhs.uk","EpiCentre_EXTRACT","tblSpecimenLog"
"26/01/2015",15288,"oxnetdwp01.oxnet.nhs.uk","EpiCentre_EXTRACT","tblSpecimenLog"
"26/02/2015",24379,"oxnetdwp01.oxnet.nhs.uk","EpiCentre_EXTRACT","tblSpecimenLog"
"26/03/2015",29258,"oxnetdwp01.oxnet.nhs.uk","EpiCentre_EXTRACT","tblSpecimenLog"
"26/04/2015",12808,"oxnetdwp01.oxnet.nhs.uk","EpiCentre_EXTRACT","tblSpecimenLog"
"26/05/2014",6496,"oxnetdwp01.oxnet.nhs.uk","EpiCentre_EXTRACT","tblSpecimenLog"
"26/05/2015",9735,"oxnetdwp01.oxnet.nhs.uk","EpiCentre_EXTRACT","tblSpecimenLog"
"26/06/2014",17251,"oxnetdwp01.oxnet.nhs.uk","EpiCentre_EXTRACT","tblSpecimenLog"
"26/06/2015",22715,"oxnetdwp01.oxnet.nhs.uk","EpiCentre_EXTRACT","tblSpecimenLog"
"26/07/2014",15480,"oxnetdwp01.oxnet.nhs.uk","EpiCentre_EXTRACT","tblSpecimenLog"
"26/07/2015",12551,"oxnetdwp01.oxnet.nhs.uk","EpiCentre_EXTRACT","tblSpecimenLog"
"26/08/2014",7160,"oxnetdwp01.oxnet.nhs.uk","EpiCentre_EXTRACT","tblSpecimenLog"
"26/08/2015",21328,"oxnetdwp01.oxnet.nhs.uk","EpiCentre_EXTRACT","tblSpecimenLog"
"26/09/2014",27452,"oxnetdwp01.oxnet.nhs.uk","EpiCentre_EXTRACT","tblSpecimenLog"
"26/09/2015",19876,"oxnetdwp01.oxnet.nhs.uk","EpiCentre_EXTRACT","tblSpecimenLog"
"26/10/2014",10778,"oxnetdwp01.oxnet.nhs.uk","EpiCentre_EXTRACT","tblSpecimenLog"
"26/11/2014",15130,"oxnetdwp01.oxnet.nhs.uk","EpiCentre_EXTRACT","tblSpecimenLog"
"26/12/2014",11168,"oxnetdwp01.oxnet.nhs.uk","EpiCentre_EXTRACT","tblSpecimenLog"
"27/01/2015",18238,"oxnetdwp01.oxnet.nhs.uk","EpiCentre_EXTRACT","tblSpecimenLog"
"27/02/2015",24140,"oxnetdwp01.oxnet.nhs.uk","EpiCentre_EXTRACT","tblSpecimenLog"
"27/03/2015",23324,"oxnetdwp01.oxnet.nhs.uk","EpiCentre_EXTRACT","tblSpecimenLog"
"27/04/2015",18865,"oxnetdwp01.oxnet.nhs.uk","EpiCentre_EXTRACT","tblSpecimenLog"
"27/05/2014",8083,"oxnetdwp01.oxnet.nhs.uk","EpiCentre_EXTRACT","tblSpecimenLog"
"27/05/2015",16242,"oxnetdwp01.oxnet.nhs.uk","EpiCentre_EXTRACT","tblSpecimenLog"
"27/06/2014",17636,"oxnetdwp01.oxnet.nhs.uk","EpiCentre_EXTRACT","tblSpecimenLog"
"27/06/2015",18746,"oxnetdwp01.oxnet.nhs.uk","EpiCentre_EXTRACT","tblSpecimenLog"
"27/07/2014",7431,"oxnetdwp01.oxnet.nhs.uk","EpiCentre_EXTRACT","tblSpecimenLog"
"27/07/2015",12629,"oxnetdwp01.oxnet.nhs.uk","EpiCentre_EXTRACT","tblSpecimenLog"
"27/08/2014",11644,"oxnetdwp01.oxnet.nhs.uk","EpiCentre_EXTRACT","tblSpecimenLog"
"27/08/2015",21091,"oxnetdwp01.oxnet.nhs.uk","EpiCentre_EXTRACT","tblSpecimenLog"
"27/09/2014",17683,"oxnetdwp01.oxnet.nhs.uk","EpiCentre_EXTRACT","tblSpecimenLog"
"27/09/2015",12224,"oxnetdwp01.oxnet.nhs.uk","EpiCentre_EXTRACT","tblSpecimenLog"
"27/10/2014",10709,"oxnetdwp01.oxnet.nhs.uk","EpiCentre_EXTRACT","tblSpecimenLog"
"27/11/2014",22153,"oxnetdwp01.oxnet.nhs.uk","EpiCentre_EXTRACT","tblSpecimenLog"
"27/12/2014",9968,"oxnetdwp01.oxnet.nhs.uk","EpiCentre_EXTRACT","tblSpecimenLog"
"28/01/2015",29232,"oxnetdwp01.oxnet.nhs.uk","EpiCentre_EXTRACT","tblSpecimenLog"
"28/02/2015",19248,"oxnetdwp01.oxnet.nhs.uk","EpiCentre_EXTRACT","tblSpecimenLog"
"28/03/2015",20117,"oxnetdwp01.oxnet.nhs.uk","EpiCentre_EXTRACT","tblSpecimenLog"
"28/04/2015",18567,"oxnetdwp01.oxnet.nhs.uk","EpiCentre_EXTRACT","tblSpecimenLog"
"28/05/2014",12644,"oxnetdwp01.oxnet.nhs.uk","EpiCentre_EXTRACT","tblSpecimenLog"
"28/05/2015",16750,"oxnetdwp01.oxnet.nhs.uk","EpiCentre_EXTRACT","tblSpecimenLog"
"28/06/2014",10973,"oxnetdwp01.oxnet.nhs.uk","EpiCentre_EXTRACT","tblSpecimenLog"
"28/06/2015",10426,"oxnetdwp01.oxnet.nhs.uk","EpiCentre_EXTRACT","tblSpecimenLog"
"28/07/2014",8357,"oxnetdwp01.oxnet.nhs.uk","EpiCentre_EXTRACT","tblSpecimenLog"
"28/07/2015",14734,"oxnetdwp01.oxnet.nhs.uk","EpiCentre_EXTRACT","tblSpecimenLog"
"28/08/2014",16455,"oxnetdwp01.oxnet.nhs.uk","EpiCentre_EXTRACT","tblSpecimenLog"
"28/08/2015",20040,"oxnetdwp01.oxnet.nhs.uk","EpiCentre_EXTRACT","tblSpecimenLog"
"28/09/2014",9136,"oxnetdwp01.oxnet.nhs.uk","EpiCentre_EXTRACT","tblSpecimenLog"
"28/09/2015",12916,"oxnetdwp01.oxnet.nhs.uk","EpiCentre_EXTRACT","tblSpecimenLog"
"28/10/2014",11830,"oxnetdwp01.oxnet.nhs.uk","EpiCentre_EXTRACT","tblSpecimenLog"
"28/11/2014",18360,"oxnetdwp01.oxnet.nhs.uk","EpiCentre_EXTRACT","tblSpecimenLog"
"28/12/2014",5996,"oxnetdwp01.oxnet.nhs.uk","EpiCentre_EXTRACT","tblSpecimenLog"
"29/01/2015",25537,"oxnetdwp01.oxnet.nhs.uk","EpiCentre_EXTRACT","tblSpecimenLog"
"29/03/2015",13153,"oxnetdwp01.oxnet.nhs.uk","EpiCentre_EXTRACT","tblSpecimenLog"
"29/04/2015",20637,"oxnetdwp01.oxnet.nhs.uk","EpiCentre_EXTRACT","tblSpecimenLog"
"29/05/2014",15614,"oxnetdwp01.oxnet.nhs.uk","EpiCentre_EXTRACT","tblSpecimenLog"
"29/05/2015",18451,"oxnetdwp01.oxnet.nhs.uk","EpiCentre_EXTRACT","tblSpecimenLog"
"29/06/2014",10656,"oxnetdwp01.oxnet.nhs.uk","EpiCentre_EXTRACT","tblSpecimenLog"
"29/06/2015",11001,"oxnetdwp01.oxnet.nhs.uk","EpiCentre_EXTRACT","tblSpecimenLog"
"29/07/2014",11744,"oxnetdwp01.oxnet.nhs.uk","EpiCentre_EXTRACT","tblSpecimenLog"
"29/07/2015",21869,"oxnetdwp01.oxnet.nhs.uk","EpiCentre_EXTRACT","tblSpecimenLog"
"29/08/2014",19565,"oxnetdwp01.oxnet.nhs.uk","EpiCentre_EXTRACT","tblSpecimenLog"
"29/08/2015",21266,"oxnetdwp01.oxnet.nhs.uk","EpiCentre_EXTRACT","tblSpecimenLog"
"29/09/2014",8987,"oxnetdwp01.oxnet.nhs.uk","EpiCentre_EXTRACT","tblSpecimenLog"
"29/09/2015",754,"oxnetdwp01.oxnet.nhs.uk","EpiCentre_EXTRACT","tblSpecimenLog"
"29/10/2014",19640,"oxnetdwp01.oxnet.nhs.uk","EpiCentre_EXTRACT","tblSpecimenLog"
"29/11/2014",12995,"oxnetdwp01.oxnet.nhs.uk","EpiCentre_EXTRACT","tblSpecimenLog"
"29/12/2014",7689,"oxnetdwp01.oxnet.nhs.uk","EpiCentre_EXTRACT","tblSpecimenLog"
"30/01/2015",23649,"oxnetdwp01.oxnet.nhs.uk","EpiCentre_EXTRACT","tblSpecimenLog"
"30/03/2015",10060,"oxnetdwp01.oxnet.nhs.uk","EpiCentre_EXTRACT","tblSpecimenLog"
"30/04/2015",24375,"oxnetdwp01.oxnet.nhs.uk","EpiCentre_EXTRACT","tblSpecimenLog"
"30/05/2014",18600,"oxnetdwp01.oxnet.nhs.uk","EpiCentre_EXTRACT","tblSpecimenLog"
"30/05/2015",18450,"oxnetdwp01.oxnet.nhs.uk","EpiCentre_EXTRACT","tblSpecimenLog"
"30/06/2014",8971,"oxnetdwp01.oxnet.nhs.uk","EpiCentre_EXTRACT","tblSpecimenLog"
"30/06/2015",16175,"oxnetdwp01.oxnet.nhs.uk","EpiCentre_EXTRACT","tblSpecimenLog"
"30/07/2014",18084,"oxnetdwp01.oxnet.nhs.uk","EpiCentre_EXTRACT","tblSpecimenLog"
"30/07/2015",21351,"oxnetdwp01.oxnet.nhs.uk","EpiCentre_EXTRACT","tblSpecimenLog"
"30/08/2014",11313,"oxnetdwp01.oxnet.nhs.uk","EpiCentre_EXTRACT","tblSpecimenLog"
"30/08/2015",8729,"oxnetdwp01.oxnet.nhs.uk","EpiCentre_EXTRACT","tblSpecimenLog"
"30/09/2014",12786,"oxnetdwp01.oxnet.nhs.uk","EpiCentre_EXTRACT","tblSpecimenLog"
"30/10/2014",18586,"oxnetdwp01.oxnet.nhs.uk","EpiCentre_EXTRACT","tblSpecimenLog"
"30/11/2014",7566,"oxnetdwp01.oxnet.nhs.uk","EpiCentre_EXTRACT","tblSpecimenLog"
"30/12/2014",11810,"oxnetdwp01.oxnet.nhs.uk","EpiCentre_EXTRACT","tblSpecimenLog"
"31/01/2015",18920,"oxnetdwp01.oxnet.nhs.uk","EpiCentre_EXTRACT","tblSpecimenLog"
"31/03/2015",19821,"oxnetdwp01.oxnet.nhs.uk","EpiCentre_EXTRACT","tblSpecimenLog"
"31/05/2014",15000,"oxnetdwp01.oxnet.nhs.uk","EpiCentre_EXTRACT","tblSpecimenLog"
"31/05/2015",11289,"oxnetdwp01.oxnet.nhs.uk","EpiCentre_EXTRACT","tblSpecimenLog"
"31/07/2014",17938,"oxnetdwp01.oxnet.nhs.uk","EpiCentre_EXTRACT","tblSpecimenLog"
"31/07/2015",19849,"oxnetdwp01.oxnet.nhs.uk","EpiCentre_EXTRACT","tblSpecimenLog"
"31/08/2014",13676,"oxnetdwp01.oxnet.nhs.uk","EpiCentre_EXTRACT","tblSpecimenLog"
"31/08/2015",8767,"oxnetdwp01.oxnet.nhs.uk","EpiCentre_EXTRACT","tblSpecimenLog"
"31/10/2014",18692,"oxnetdwp01.oxnet.nhs.uk","EpiCentre_EXTRACT","tblSpecimenLog"
"31/12/2014",16498,"oxnetdwp01.oxnet.nhs.uk","EpiCentre_EXTRACT","tblSpecimenLog"
